Country,Region,Year,Oil_Production,Oil_Consumption,Oil_Imports,Oil_Exports,Oil_Price_USD,Gas_Production,Gas_Consumption,Gas_Imports,Gas_Exports,Gas_Price_USD
United States,North America,2010,81.0,89.2,12.66,0.0,70.12,510.65,537.17,48.0,0.0,5.37
United States,North America,2011,83.18,91.25,12.63,0.0,81.51,520.08,534.73,36.04,0.0,5.89
United States,North America,2012,84.99,93.87,13.57,0.0,83.83,537.8,542.82,26.74,0.0,5.31
United States,North America,2013,87.19,93.39,10.87,0.0,88.29,544.29,551.42,29.19,0.0,5.23
United States,North America,2014,85.87,93.77,12.59,0.0,86.99,559.41,565.36,28.56,0.0,5.03
United States,North America,2015,88.94,94.42,10.2,0.0,86.65,557.1,563.9,29.36,0.0,4.85
United States,North America,2016,85.43,94.71,14.02,0.0,84.88,558.22,580.42,45.42,0.0,4.39
United States,North America,2017,84.18,96.92,17.59,0.0,82.46,567.78,584.04,39.62,0.0,4.09
United States,North America,2018,85.76,97.93,17.07,0.0,73.96,569.24,593.92,48.43,0.0,3.88
United States,North America,2019,84.84,98.58,18.67,0.0,73.53,563.7,607.67,68.27,0.0,4.28
United States,North America,2020,84.58,100.71,21.16,0.0,76.89,566.84,609.46,67.01,0.0,4.48
United States,North America,2021,88.33,102.58,19.38,0.0,72.94,573.2,612.91,64.23,0.0,4.38
United States,North America,2022,90.0,106.04,21.35,0.0,77.64,569.42,629.56,85.32,0.0,5.18
United States,North America,2023,94.66,107.41,18.13,0.0,81.57,576.82,630.36,78.75,0.0,5.57
United States,North America,2024,94.26,110.91,22.2,0.0,88.04,576.21,647.45,97.14,0.0,6.28
United States,North America,2025,98.54,112.54,19.63,0.0,86.86,586.66,659.48,99.19,0.0,6.23
Canada,North America,2010,44.24,68.0,27.16,0.0,74.05,155.76,324.14,181.35,0.0,6.02
Canada,North America,2011,45.92,70.13,27.72,0.0,76.94,156.47,331.53,188.32,0.0,5.61
Canada,North America,2012,47.39,68.65,24.69,0.0,81.43,162.9,337.61,188.21,0.0,5.18
Canada,North America,2013,47.06,70.2,26.65,0.0,89.23,164.76,340.82,189.69,0.0,5.21
Canada,North America,2014,46.14,71.37,28.8,0.0,88.04,166.26,350.36,198.12,0.0,5.02
Canada,North America,2015,47.56,70.86,26.85,0.0,84.13,164.9,344.95,193.85,0.0,4.22
Canada,North America,2016,46.68,72.52,29.47,0.0,83.8,163.03,348.83,199.76,0.0,4.46
Canada,North America,2017,47.54,76.32,32.6,0.0,74.95,167.6,353.55,200.09,0.0,4.1
Canada,North America,2018,45.9,74.62,32.45,0.0,80.27,164.8,362.3,212.0,0.0,4.0
Canada,North America,2019,47.08,75.51,32.2,0.0,75.56,162.1,366.43,218.99,0.0,4.48
Canada,North America,2020,48.41,79.04,34.58,0.0,72.7,165.42,369.5,218.86,0.0,4.1
Canada,North America,2021,51.25,79.12,31.83,0.0,78.46,169.8,377.53,222.83,0.0,4.76
Canada,North America,2022,50.93,81.74,34.9,0.0,77.57,167.84,391.17,238.98,0.0,4.84
Canada,North America,2023,51.26,83.83,36.76,0.0,82.18,176.21,397.77,237.47,0.0,5.73
Canada,North America,2024,54.17,85.68,35.79,0.0,87.91,174.47,410.72,252.68,0.0,6.55
Canada,North America,2025,53.72,85.84,36.41,0.0,95.39,175.93,422.16,263.12,0.0,6.55
Mexico,North America,2010,19.96,56.19,39.04,0.0,76.61,172.95,340.61,181.28,0.0,5.6
Mexico,North America,2011,20.69,55.94,38.05,0.0,79.54,182.22,356.35,188.39,0.0,5.86
Mexico,North America,2012,20.54,56.68,38.97,0.0,80.72,183.96,350.77,180.84,0.0,5.46
Mexico,North America,2013,21.82,56.34,37.34,0.0,84.41,190.76,358.91,182.5,0.0,5.52
Mexico,North America,2014,21.83,58.63,39.74,0.0,85.4,193.72,362.57,183.35,0.0,4.99
Mexico,North America,2015,21.67,57.38,38.58,0.0,91.4,196.97,370.97,188.83,0.0,5.04
Mexico,North America,2016,21.2,58.4,40.12,0.0,83.81,193.95,371.5,192.41,0.0,4.55
Mexico,North America,2017,21.09,58.7,40.54,0.0,77.62,192.66,377.63,200.08,0.0,3.9
Mexico,North America,2018,20.99,59.78,41.79,0.0,82.92,193.95,376.02,197.1,0.0,3.64
Mexico,North America,2019,21.01,62.04,44.13,0.0,74.78,207.66,382.01,189.63,0.0,4.13
Mexico,North America,2020,22.22,61.01,41.83,0.0,76.2,198.0,396.26,214.11,0.0,4.19
Mexico,North America,2021,22.09,61.9,42.9,0.0,76.71,198.04,397.0,214.83,0.0,4.53
Mexico,North America,2022,22.9,65.06,45.42,0.0,78.84,199.8,406.25,222.69,0.0,5.14
Mexico,North America,2023,23.12,65.98,46.16,0.0,86.41,200.42,421.77,238.22,0.0,5.76
Mexico,North America,2024,23.67,66.33,45.98,0.0,88.04,206.64,420.26,230.43,0.0,5.73
Mexico,North America,2025,24.71,69.09,47.83,0.0,91.74,202.84,424.59,238.74,0.0,6.61
Brazil,South America,2010,35.84,64.53,31.91,0.0,78.68,273.96,402.67,144.81,0.0,5.06
Brazil,South America,2011,36.99,65.77,32.07,0.0,74.92,284.88,407.55,138.96,0.0,5.78
Brazil,South America,2012,39.06,65.24,29.44,0.0,82.76,295.53,414.47,135.51,0.0,5.28
Brazil,South America,2013,38.54,68.18,33.05,0.0,88.17,301.56,430.98,146.66,0.0,5.38
Brazil,South America,2014,40.06,68.04,31.38,0.0,86.12,308.65,426.25,134.65,0.0,4.75
Brazil,South America,2015,39.6,67.23,30.99,0.0,88.04,312.94,431.95,136.28,0.0,4.75
Brazil,South America,2016,39.85,69.32,32.93,0.0,80.09,304.89,437.53,150.14,0.0,4.12
Brazil,South America,2017,39.39,69.86,33.96,0.0,80.36,310.53,437.38,144.35,0.0,3.73
Brazil,South America,2018,37.98,70.35,35.88,0.0,71.87,319.73,451.06,149.37,0.0,4.04
Brazil,South America,2019,38.52,71.38,36.42,0.0,74.22,321.68,441.89,137.89,0.0,4.19
Brazil,South America,2020,38.02,73.45,39.1,0.0,73.68,315.36,463.55,166.73,0.0,4.49
Brazil,South America,2021,40.37,73.72,37.03,0.0,73.97,314.58,466.76,170.85,0.0,4.63
Brazil,South America,2022,40.69,75.39,38.47,0.0,78.39,318.8,466.29,166.14,0.0,5.51
Brazil,South America,2023,41.46,75.95,38.29,0.0,82.51,316.81,484.91,187.5,0.0,5.99
Brazil,South America,2024,43.55,79.24,39.65,0.0,86.33,321.67,502.17,200.59,0.0,5.67
Brazil,South America,2025,44.89,79.75,38.86,0.0,87.07,324.21,505.51,201.51,0.0,6.28
Argentina,South America,2010,14.22,51.39,39.74,0.0,75.69,143.01,325.82,195.84,0.0,5.35
Argentina,South America,2011,14.47,52.6,40.77,0.0,81.07,145.21,330.92,198.95,0.0,5.73
Argentina,South America,2012,15.48,53.26,40.45,0.0,82.46,151.15,331.11,193.2,0.0,5.59
Argentina,South America,2013,15.67,53.32,40.31,0.0,84.94,154.24,337.26,196.51,0.0,5.48
Argentina,South America,2014,15.06,53.14,40.74,0.0,84.26,151.93,332.88,194.26,0.0,5.11
Argentina,South America,2015,15.39,54.53,41.86,0.0,84.94,159.52,351.95,206.51,0.0,4.91
Argentina,South America,2016,15.37,54.33,41.68,0.0,80.8,156.41,344.16,201.51,0.0,4.16
Argentina,South America,2017,15.44,56.62,44.01,0.0,77.68,154.83,356.14,215.56,0.0,4.16
Argentina,South America,2018,15.22,54.98,42.5,0.0,76.27,160.22,356.22,210.26,0.0,3.69
Argentina,South America,2019,15.23,57.41,45.05,0.0,76.6,157.35,365.01,222.27,0.0,4.37
Argentina,South America,2020,15.57,57.15,44.44,0.0,77.9,160.22,367.35,221.82,0.0,4.38
Argentina,South America,2021,16.0,59.65,46.63,0.0,76.3,162.58,383.94,236.72,0.0,4.71
Argentina,South America,2022,16.75,60.11,46.37,0.0,79.49,159.58,380.86,236.51,0.0,4.93
Argentina,South America,2023,16.53,60.58,47.08,0.0,81.74,157.63,385.8,243.59,0.0,6.15
Argentina,South America,2024,17.6,62.8,48.34,0.0,86.13,163.47,393.49,245.76,0.0,6.21
Argentina,South America,2025,17.73,64.63,50.13,0.0,91.09,168.32,397.85,245.45,0.0,7.25
United Kingdom,Europe,2010,17.8,54.72,39.66,0.0,74.86,227.55,375.53,163.0,0.0,5.66
United Kingdom,Europe,2011,18.05,54.83,39.52,0.0,82.03,231.1,382.34,166.53,0.0,5.79
United Kingdom,Europe,2012,18.6,55.46,39.63,0.0,78.33,239.21,389.4,165.77,0.0,5.46
United Kingdom,Europe,2013,18.37,54.65,39.02,0.0,83.43,250.64,394.53,159.67,0.0,4.9
United Kingdom,Europe,2014,18.17,55.72,40.33,0.0,84.56,258.81,397.26,154.34,0.0,5.04
United Kingdom,Europe,2015,18.51,56.3,40.61,0.0,87.09,253.01,399.4,162.36,0.0,4.65
United Kingdom,Europe,2016,19.01,56.51,40.32,0.0,80.6,257.77,412.25,170.97,0.0,4.03
United Kingdom,Europe,2017,19.08,57.43,41.22,0.0,83.92,260.42,406.8,162.65,0.0,4.07
United Kingdom,Europe,2018,18.75,59.37,43.59,0.0,76.48,253.67,409.17,171.87,0.0,4.07
United Kingdom,Europe,2019,18.36,59.61,44.24,0.0,69.71,252.66,424.89,189.22,0.0,3.85
United Kingdom,Europe,2020,18.61,59.62,43.99,0.0,74.48,255.4,423.99,185.55,0.0,4.24
United Kingdom,Europe,2021,19.6,60.69,44.13,0.0,77.09,257.36,434.74,194.76,0.0,4.8
United Kingdom,Europe,2022,20.17,64.31,47.36,0.0,76.82,255.36,436.76,198.87,0.0,4.88
United Kingdom,Europe,2023,20.25,63.52,46.46,0.0,82.6,257.53,447.9,208.29,0.0,5.47
United Kingdom,Europe,2024,21.4,66.25,48.17,0.0,88.21,260.51,450.93,208.46,0.0,6.21
United Kingdom,Europe,2025,21.0,67.05,49.41,0.0,91.55,266.73,458.45,210.06,0.0,6.23
Norway,Europe,2010,59.16,76.23,20.89,0.0,68.98,104.06,297.67,205.52,0.0,5.41
Norway,Europe,2011,58.65,74.76,19.85,0.0,76.37,107.59,307.36,212.06,0.0,5.49
Norway,Europe,2012,59.49,77.81,22.21,0.0,87.46,105.93,304.75,211.01,0.0,5.13
Norway,Europe,2013,58.03,76.59,22.38,0.0,85.83,107.97,310.53,214.98,0.0,4.83
Norway,Europe,2014,59.24,77.21,21.83,0.0,84.36,111.34,309.02,210.04,0.0,5.06
Norway,Europe,2015,59.04,79.12,24.04,0.0,82.52,106.57,317.51,223.65,0.0,4.63
Norway,Europe,2016,56.96,80.31,27.37,0.0,84.81,107.89,315.05,219.76,0.0,4.31
Norway,Europe,2017,57.94,82.72,28.92,0.0,80.95,108.34,325.06,229.72,0.0,3.88
Norway,Europe,2018,59.72,82.44,26.84,0.0,75.0,108.4,335.82,240.85,0.0,3.36
Norway,Europe,2019,62.1,87.42,29.69,0.0,74.92,108.74,328.63,233.03,0.0,3.97
Norway,Europe,2020,62.13,85.67,27.81,0.0,71.38,111.15,345.17,247.83,0.0,4.46
Norway,Europe,2021,66.06,89.08,27.47,0.0,77.67,110.94,349.47,252.51,0.0,4.23
Norway,Europe,2022,65.86,90.52,29.19,0.0,82.87,116.51,356.79,254.54,0.0,4.87
Norway,Europe,2023,67.49,93.26,30.43,0.0,85.51,114.24,366.09,266.5,0.0,5.58
Norway,Europe,2024,65.87,94.69,33.56,0.0,86.64,116.93,371.75,269.7,0.0,5.74
Norway,Europe,2025,66.08,96.85,35.61,0.0,93.04,120.64,369.59,263.74,0.0,6.66
Germany,Europe,2010,9.79,47.83,40.43,0.0,80.96,341.96,427.76,102.91,0.0,5.81
Germany,Europe,2011,10.15,48.94,41.24,0.0,82.44,349.44,434.9,102.86,0.0,5.57
Germany,Europe,2012,10.13,49.15,41.48,0.0,81.76,355.16,444.89,107.52,0.0,5.44
Germany,Europe,2013,10.25,49.68,41.91,0.0,83.16,360.07,430.32,87.46,0.0,5.08
Germany,Europe,2014,9.8,49.68,42.37,0.0,88.74,352.41,446.49,111.95,0.0,4.87
Germany,Europe,2015,9.92,50.77,43.38,0.0,82.83,363.85,447.82,101.88,0.0,4.71
Germany,Europe,2016,9.99,51.87,44.47,0.0,80.43,358.06,462.97,123.43,0.0,4.25
Germany,Europe,2017,10.01,51.53,44.1,0.0,79.4,349.25,469.49,139.02,0.0,3.78
Germany,Europe,2018,10.13,54.0,46.57,0.0,75.29,345.08,464.41,137.91,0.0,4.32
Germany,Europe,2019,10.38,54.9,47.26,0.0,76.82,351.58,474.44,141.84,0.0,4.06
Germany,Europe,2020,10.7,55.51,47.59,0.0,77.06,360.83,490.61,149.41,0.0,4.49
Germany,Europe,2021,10.65,55.41,47.54,0.0,73.58,367.99,506.33,158.59,0.0,4.2
Germany,Europe,2022,11.22,58.93,50.66,0.0,77.77,377.45,512.59,155.64,0.0,4.92
Germany,Europe,2023,11.44,59.37,50.9,0.0,86.94,368.58,533.0,185.74,0.0,5.95
Germany,Europe,2024,11.44,61.44,53.07,0.0,89.97,386.25,534.23,169.35,0.0,6.33
Germany,Europe,2025,11.79,62.39,53.73,0.0,91.29,394.05,531.23,158.42,0.0,6.46
France,Europe,2010,6.52,47.19,43.03,0.0,75.64,241.96,371.14,144.03,0.0,6.04
France,Europe,2011,6.73,46.74,42.35,0.0,79.46,235.67,371.51,150.7,0.0,5.37
France,Europe,2012,6.74,46.97,42.58,0.0,82.94,248.66,378.31,144.79,0.0,5.61
France,Europe,2013,6.72,47.34,42.98,0.0,83.36,239.56,378.31,153.89,0.0,4.96
France,Europe,2014,6.72,48.22,43.91,0.0,88.45,237.44,383.45,161.35,0.0,5.19
France,Europe,2015,6.73,48.69,44.39,0.0,85.97,240.74,384.42,159.05,0.0,4.66
France,Europe,2016,6.75,50.14,45.89,0.0,82.22,242.99,389.6,162.19,0.0,4.31
France,Europe,2017,6.66,50.11,45.95,0.0,78.71,244.24,399.74,171.49,0.0,4.11
France,Europe,2018,6.76,51.72,47.54,0.0,76.4,244.73,403.91,175.33,0.0,4.32
France,Europe,2019,6.85,51.43,47.15,0.0,75.77,238.22,417.66,196.14,0.0,4.01
France,Europe,2020,7.3,52.31,47.62,0.0,72.29,249.01,434.12,202.48,0.0,4.19
France,Europe,2021,7.29,54.73,50.18,0.0,80.72,250.01,442.75,210.45,0.0,4.58
France,Europe,2022,7.75,56.59,51.66,0.0,79.03,262.87,444.37,199.27,0.0,5.23
France,Europe,2023,8.02,58.31,53.21,0.0,81.57,259.29,460.0,219.11,0.0,5.54
France,Europe,2024,7.81,58.78,53.91,0.0,87.68,269.87,464.74,213.46,0.0,6.27
France,Europe,2025,7.48,60.13,55.66,0.0,90.93,271.75,466.34,213.25,0.0,6.62
Italy,Europe,2010,5.65,47.1,43.8,0.0,73.54,150.5,327.18,189.76,0.0,5.69
Italy,Europe,2011,5.88,46.6,43.05,0.0,74.58,159.52,334.04,187.89,0.0,5.21
Italy,Europe,2012,5.96,47.48,43.9,0.0,83.48,161.15,338.24,190.63,0.0,5.78
Italy,Europe,2013,5.91,47.31,43.77,0.0,88.34,161.54,343.79,196.0,0.0,5.16
Italy,Europe,2014,5.78,47.36,43.95,0.0,84.94,164.17,344.34,193.95,0.0,4.94
Italy,Europe,2015,5.94,49.37,45.9,0.0,86.31,165.76,347.04,195.17,0.0,4.18
Italy,Europe,2016,5.96,49.31,45.82,0.0,81.47,167.62,361.55,208.4,0.0,4.77
Italy,Europe,2017,5.88,49.1,45.67,0.0,78.4,168.2,354.52,200.5,0.0,4.14
Italy,Europe,2018,5.97,50.24,46.78,0.0,81.19,170.3,368.96,213.42,0.0,4.09
Italy,Europe,2019,6.11,50.36,46.76,0.0,75.99,166.82,365.29,213.08,0.0,3.9
Italy,Europe,2020,6.1,53.75,50.34,0.0,74.53,167.29,376.77,224.55,0.0,4.3
Italy,Europe,2021,6.28,54.01,50.44,0.0,76.9,171.28,388.81,233.08,0.0,4.81
Italy,Europe,2022,6.34,54.9,51.31,0.0,79.23,172.06,392.27,235.9,0.0,5.36
Italy,Europe,2023,6.67,57.04,53.22,0.0,83.32,172.55,394.07,237.28,0.0,4.93
Italy,Europe,2024,6.79,54.97,50.92,0.0,88.04,170.24,405.96,251.95,0.0,5.88
Italy,Europe,2025,6.76,59.63,55.86,0.0,91.07,177.16,423.26,263.03,0.0,6.7
Russia,Europe,2010,103.24,102.2,5.11,0.88,74.91,323.29,429.9,123.81,0.0,5.36
Russia,Europe,2011,103.38,102.55,5.13,0.71,78.61,342.82,438.02,112.71,0.0,5.67
Russia,Europe,2012,106.48,105.39,5.27,0.93,85.67,341.93,438.94,114.57,0.0,5.44
Russia,Europe,2013,105.28,106.12,6.14,0.0,85.8,357.24,442.29,102.74,0.0,5.46
Russia,Europe,2014,108.64,107.18,5.36,1.24,85.2,353.14,457.99,123.17,0.0,4.81
Russia,Europe,2015,109.12,109.08,5.45,0.03,84.83,374.74,468.79,112.8,0.0,4.66
Russia,Europe,2016,108.2,108.24,5.45,0.0,82.87,368.11,471.35,122.1,0.0,4.07
Russia,Europe,2017,105.62,110.0,9.89,0.0,81.95,368.43,474.0,124.54,0.0,3.94
Russia,Europe,2018,107.32,111.04,9.27,0.0,76.35,361.59,485.97,143.82,0.0,3.55
Russia,Europe,2019,105.13,110.84,11.26,0.0,74.85,368.21,482.19,133.27,0.0,4.2
Russia,Europe,2020,109.02,114.65,11.37,0.0,69.84,369.81,494.09,144.05,0.0,4.19
Russia,Europe,2021,107.37,116.58,15.04,0.0,79.1,367.82,504.1,156.45,0.0,4.72
Russia,Europe,2022,113.21,119.77,12.55,0.0,81.17,366.41,506.0,159.83,0.0,5.0
Russia,Europe,2023,118.64,122.78,10.28,0.0,84.22,367.05,520.97,174.75,0.0,5.69
Russia,Europe,2024,118.6,123.28,10.84,0.0,84.45,374.15,528.04,175.01,0.0,6.28
Russia,Europe,2025,119.68,126.97,13.64,0.0,87.64,384.4,550.66,188.29,0.0,6.96
Saudi Arabia,Middle East,2010,110.32,106.93,5.35,2.88,74.62,153.87,330.54,189.89,0.0,6.06
Saudi Arabia,Middle East,2011,112.16,109.09,5.45,2.6,76.63,156.28,333.55,190.61,0.0,5.81
Saudi Arabia,Middle East,2012,117.39,108.53,5.43,7.53,82.34,160.92,333.83,186.26,0.0,5.15
Saudi Arabia,Middle East,2013,114.23,109.79,5.49,3.77,83.76,167.48,354.15,200.84,0.0,5.63
Saudi Arabia,Middle East,2014,116.19,110.13,5.51,5.15,86.23,167.32,346.92,193.47,0.0,4.82
Saudi Arabia,Middle East,2015,112.68,109.2,5.46,2.96,83.62,169.1,349.51,194.39,0.0,4.57
Saudi Arabia,Middle East,2016,115.62,112.62,5.63,2.55,86.97,166.34,360.01,208.08,0.0,4.38
Saudi Arabia,Middle East,2017,115.46,115.47,5.78,0.0,81.77,170.87,361.81,205.41,0.0,4.17
Saudi Arabia,Middle East,2018,112.27,116.47,10.02,0.0,80.86,164.4,360.44,210.46,0.0,4.17
Saudi Arabia,Middle East,2019,118.1,117.17,5.86,0.79,75.95,164.72,368.06,218.07,0.0,4.06
Saudi Arabia,Middle East,2020,119.92,119.42,5.97,0.42,76.24,168.6,370.46,216.67,0.0,4.29
Saudi Arabia,Middle East,2021,119.69,122.24,8.67,0.0,80.56,167.87,380.04,227.36,0.0,4.64
Saudi Arabia,Middle East,2022,124.03,122.26,6.11,1.5,76.99,167.39,387.01,235.1,0.0,5.49
Saudi Arabia,Middle East,2023,127.37,130.29,9.44,0.0,82.25,171.96,395.93,239.81,0.0,5.66
Saudi Arabia,Middle East,2024,133.55,127.51,6.38,5.13,86.88,169.51,401.13,247.67,0.0,6.34
Saudi Arabia,Middle East,2025,132.65,133.25,7.27,0.0,91.54,181.19,417.26,252.77,0.0,6.84
United Arab Emirates,Middle East,2010,62.39,76.89,18.34,0.0,75.0,116.1,302.45,198.44,0.0,6.07
United Arab Emirates,Middle East,2011,60.8,76.74,19.77,0.0,78.68,115.01,304.57,201.74,0.0,5.32
United Arab Emirates,Middle East,2012,62.57,77.87,19.19,0.0,81.88,123.07,316.34,205.93,0.0,5.45
United Arab Emirates,Middle East,2013,62.3,77.53,19.1,0.0,85.02,119.49,309.65,202.55,0.0,4.87
United Arab Emirates,Middle East,2014,62.26,80.28,22.03,0.0,82.66,120.84,318.91,210.82,0.0,5.14
United Arab Emirates,Middle East,2015,61.79,81.73,24.03,0.0,84.32,120.24,316.2,208.6,0.0,4.66
United Arab Emirates,Middle East,2016,62.93,82.19,23.38,0.0,82.38,122.89,330.03,220.34,0.0,4.44
United Arab Emirates,Middle East,2017,64.47,85.78,25.59,0.0,83.99,117.76,327.46,222.8,0.0,3.77
United Arab Emirates,Middle East,2018,62.28,85.02,26.99,0.0,75.97,120.74,336.32,229.04,0.0,3.79
United Arab Emirates,Middle East,2019,64.27,86.51,26.56,0.0,77.91,124.47,344.11,233.4,0.0,3.92
United Arab Emirates,Middle East,2020,66.58,88.73,26.58,0.0,70.58,116.39,343.79,241.15,0.0,3.72
United Arab Emirates,Middle East,2021,67.44,93.08,30.3,0.0,77.16,122.58,362.28,254.2,0.0,4.86
United Arab Emirates,Middle East,2022,69.44,94.33,29.61,0.0,80.1,126.07,361.85,250.25,0.0,5.28
United Arab Emirates,Middle East,2023,71.09,94.47,28.1,0.0,83.29,125.06,372.68,262.53,0.0,5.46
United Arab Emirates,Middle East,2024,72.44,98.28,30.76,0.0,90.04,131.59,387.51,271.42,0.0,5.92
United Arab Emirates,Middle East,2025,74.4,98.62,29.15,0.0,90.05,135.84,388.93,268.64,0.0,6.14
Iran,Middle East,2010,68.63,81.69,17.14,0.0,73.01,195.6,358.95,177.7,0.0,5.78
Iran,Middle East,2011,70.0,83.7,17.89,0.0,83.66,200.78,358.16,171.71,0.0,5.58
Iran,Middle East,2012,73.34,85.32,16.25,0.0,82.79,205.95,361.63,170.15,0.0,5.52
Iran,Middle East,2013,72.18,86.63,18.78,0.0,89.07,209.73,371.01,176.12,0.0,5.63
Iran,Middle East,2014,72.88,86.99,18.46,0.0,84.46,208.91,372.98,178.99,0.0,5.33
Iran,Middle East,2015,73.39,87.04,18.01,0.0,80.07,216.83,367.37,165.24,0.0,4.77
Iran,Middle East,2016,72.53,88.31,20.19,0.0,88.03,209.92,381.39,186.73,0.0,4.46
Iran,Middle East,2017,72.23,88.53,20.73,0.0,80.92,213.3,376.09,177.83,0.0,4.25
Iran,Middle East,2018,70.33,89.47,23.61,0.0,77.74,210.73,386.17,190.88,0.0,3.44
Iran,Middle East,2019,73.3,92.47,23.79,0.0,73.2,213.34,384.08,186.1,0.0,4.35
Iran,Middle East,2020,70.82,92.96,26.79,0.0,73.42,210.23,405.44,211.43,0.0,4.39
Iran,Middle East,2021,76.35,97.4,25.92,0.0,72.42,213.72,409.71,212.38,0.0,4.96
Iran,Middle East,2022,76.95,96.78,24.67,0.0,79.28,215.42,407.03,207.88,0.0,5.38
Iran,Middle East,2023,80.3,97.77,22.35,0.0,77.78,217.18,426.14,226.01,0.0,5.39
Iran,Middle East,2024,82.81,102.26,24.56,0.0,88.01,222.07,440.14,235.68,0.0,6.33
Iran,Middle East,2025,86.33,103.85,22.72,0.0,92.18,222.15,441.45,236.96,0.0,6.46
Iraq,Middle East,2010,57.99,79.0,24.96,0.0,77.29,113.66,302.68,201.13,0.0,5.67
Iraq,Middle East,2011,60.12,78.22,22.02,0.0,84.09,113.82,311.16,209.79,0.0,5.82
Iraq,Middle East,2012,60.94,77.91,20.86,0.0,81.97,117.82,313.01,207.71,0.0,5.77
Iraq,Middle East,2013,60.06,79.81,23.74,0.0,82.41,119.76,319.26,212.27,0.0,5.6
Iraq,Middle East,2014,62.7,80.53,21.85,0.0,86.97,118.98,324.77,218.78,0.0,4.53
Iraq,Middle East,2015,61.13,80.67,23.57,0.0,85.84,123.49,326.02,215.57,0.0,4.94
Iraq,Middle East,2016,61.84,78.39,20.46,0.0,78.64,122.15,328.59,219.58,0.0,4.28
Iraq,Middle East,2017,61.69,81.19,23.56,0.0,78.6,123.31,329.76,219.65,0.0,4.41
Iraq,Middle East,2018,60.34,84.04,27.9,0.0,79.11,119.08,345.56,240.31,0.0,3.91
Iraq,Middle East,2019,62.22,83.7,25.67,0.0,75.19,124.59,341.73,230.81,0.0,3.92
Iraq,Middle East,2020,62.51,87.66,29.53,0.0,75.09,123.06,351.38,242.38,0.0,4.41
Iraq,Middle East,2021,64.38,91.27,31.46,0.0,79.55,120.29,360.17,254.29,0.0,4.45
Iraq,Middle East,2022,68.84,92.05,27.81,0.0,78.16,126.15,361.61,249.93,0.0,5.09
Iraq,Middle East,2023,68.67,94.62,30.69,0.0,84.54,126.43,364.65,252.81,0.0,5.89
Iraq,Middle East,2024,70.19,95.95,30.56,0.0,84.67,127.9,372.09,259.08,0.0,5.76
Iraq,Middle East,2025,70.45,96.91,31.3,0.0,87.96,130.41,370.59,255.0,0.0,6.88
Kuwait,Middle East,2010,49.11,72.89,27.43,0.0,74.64,73.44,291.73,229.96,0.0,5.77
Kuwait,Middle East,2011,52.93,75.07,25.89,0.0,78.5,77.0,290.01,224.61,0.0,5.83
Kuwait,Middle East,2012,52.38,74.3,25.64,0.0,88.66,81.32,296.49,227.02,0.0,5.57
Kuwait,Middle East,2013,54.79,75.73,24.72,0.0,83.09,82.71,298.62,227.86,0.0,5.39
Kuwait,Middle East,2014,54.58,76.07,25.29,0.0,82.39,81.54,300.23,230.7,0.0,4.49
Kuwait,Middle East,2015,53.85,77.63,27.66,0.0,84.63,84.34,300.52,228.2,0.0,4.53
Kuwait,Middle East,2016,55.13,75.84,24.5,0.0,84.15,84.66,318.82,246.91,0.0,4.39
Kuwait,Middle East,2017,53.16,78.19,28.93,0.0,82.47,86.58,312.85,238.78,0.0,3.69
Kuwait,Middle East,2018,53.12,78.9,29.72,0.0,76.05,84.92,319.41,247.26,0.0,3.69
Kuwait,Middle East,2019,52.74,78.72,29.93,0.0,77.48,86.07,318.83,245.52,0.0,3.75
Kuwait,Middle East,2020,53.19,80.46,31.29,0.0,74.58,87.24,328.72,254.63,0.0,4.41
Kuwait,Middle East,2021,53.02,82.54,33.65,0.0,76.3,88.06,332.49,257.73,0.0,4.8
Kuwait,Middle East,2022,56.94,82.28,29.45,0.0,76.92,83.5,337.83,267.84,0.0,5.47
Kuwait,Middle East,2023,57.49,84.17,30.88,0.0,81.89,84.5,331.21,259.96,0.0,5.62
Kuwait,Middle East,2024,58.86,89.26,34.86,0.0,81.51,88.57,347.85,273.2,0.0,6.32
Kuwait,Middle East,2025,60.89,90.42,34.05,0.0,96.1,89.58,350.14,274.56,0.0,6.36
Qatar,Middle East,2010,15.1,49.96,37.35,0.0,74.35,490.2,516.72,47.19,0.0,5.91
Qatar,Middle East,2011,15.2,51.34,38.71,0.0,74.86,516.21,512.42,20.5,3.03,5.5
Qatar,Middle East,2012,15.34,52.06,39.33,0.0,81.46,499.93,515.64,36.34,0.0,5.45
Qatar,Middle East,2013,14.85,51.88,39.62,0.0,87.25,509.94,531.45,42.76,0.0,5.24
Qatar,Middle East,2014,14.97,52.92,40.6,0.0,83.61,510.74,525.98,36.29,0.0,4.77
Qatar,Middle East,2015,14.7,53.63,41.61,0.0,85.17,522.73,530.33,28.81,0.0,4.51
Qatar,Middle East,2016,15.01,54.37,42.08,0.0,83.09,505.1,540.34,56.85,0.0,4.51
Qatar,Middle East,2017,14.53,55.63,43.87,0.0,81.65,525.01,556.5,53.75,0.0,3.86
Qatar,Middle East,2018,15.25,55.47,43.0,0.0,75.14,498.1,573.73,98.59,0.0,3.85
Qatar,Middle East,2019,15.31,56.89,44.42,0.0,76.64,517.07,572.98,78.82,0.0,4.16
Qatar,Middle East,2020,16.16,59.42,46.23,0.0,74.97,535.25,582.1,70.13,0.0,4.57
Qatar,Middle East,2021,16.85,59.62,45.76,0.0,77.4,527.42,611.88,108.93,0.0,4.71
Qatar,Middle East,2022,16.88,61.76,47.97,0.0,78.6,541.85,613.26,95.94,0.0,5.16
Qatar,Middle East,2023,17.04,63.75,49.9,0.0,83.29,575.54,615.24,64.31,0.0,5.47
Qatar,Middle East,2024,17.51,64.57,50.29,0.0,87.32,571.6,651.47,105.93,0.0,6.45
Qatar,Middle East,2025,16.76,66.82,53.4,0.0,88.03,583.16,664.66,108.09,0.0,6.39
India,Asia,2010,20.67,54.61,36.67,0.0,70.59,375.69,451.71,94.09,0.0,5.94
India,Asia,2011,21.03,54.99,36.71,0.0,73.28,373.95,454.59,98.82,0.0,5.86
India,Asia,2012,20.76,55.6,37.62,0.0,82.46,388.1,463.9,94.35,0.0,5.37
India,Asia,2013,21.1,56.86,38.6,0.0,84.64,396.4,460.82,82.86,0.0,4.88
India,Asia,2014,21.27,55.3,36.79,0.0,91.92,400.26,469.24,87.75,0.0,4.65
India,Asia,2015,20.96,58.33,40.29,0.0,85.67,403.88,470.36,85.3,0.0,4.57
India,Asia,2016,20.98,57.37,39.26,0.0,83.36,396.17,471.37,94.05,0.0,4.36
India,Asia,2017,20.85,57.64,39.68,0.0,78.46,402.03,489.58,107.14,0.0,3.97
India,Asia,2018,20.66,59.14,41.44,0.0,76.0,392.58,502.32,129.83,0.0,4.12
India,Asia,2019,21.37,61.33,43.02,0.0,74.36,395.38,508.68,133.64,0.0,3.65
India,Asia,2020,21.64,62.14,43.6,0.0,73.95,390.57,515.12,145.15,0.0,4.88
India,Asia,2021,22.14,64.17,45.23,0.0,76.48,394.8,519.48,145.46,0.0,4.08
India,Asia,2022,23.43,67.0,46.93,0.0,81.27,404.35,534.93,151.98,0.0,5.1
India,Asia,2023,23.63,65.14,44.77,0.0,79.94,418.57,543.81,146.99,0.0,5.69
India,Asia,2024,23.95,67.92,47.37,0.0,89.46,427.63,547.34,141.6,0.0,5.82
India,Asia,2025,24.04,71.2,50.72,0.0,88.73,441.61,568.91,150.05,0.0,6.46
China,Asia,2010,69.83,82.82,17.13,0.0,74.46,541.17,541.93,22.44,0.0,5.34
China,Asia,2011,70.8,84.54,17.97,0.0,77.26,544.02,548.57,26.49,0.0,5.73
China,Asia,2012,71.91,85.83,18.21,0.0,84.59,570.76,548.17,21.93,18.07,5.35
China,Asia,2013,72.02,85.3,17.55,0.0,83.29,570.42,569.73,22.79,0.55,5.12
China,Asia,2014,71.71,85.09,17.63,0.0,90.23,589.55,574.63,22.99,11.94,5.49
China,Asia,2015,70.81,86.55,20.06,0.0,83.53,572.46,571.7,22.87,0.61,4.3
China,Asia,2016,70.33,87.32,21.36,0.0,80.73,572.82,590.12,40.9,0.0,4.95
China,Asia,2017,70.86,88.78,22.37,0.0,83.08,571.63,604.04,56.57,0.0,4.11
China,Asia,2018,70.36,90.44,24.6,0.0,79.62,572.35,610.93,63.02,0.0,3.98
China,Asia,2019,70.28,90.89,25.16,0.0,78.47,587.97,618.64,55.41,0.0,3.64
China,Asia,2020,75.0,95.11,24.87,0.0,75.8,568.81,620.04,76.03,0.0,4.21
China,Asia,2021,74.62,95.75,25.92,0.0,74.72,584.05,630.3,71.46,0.0,4.55
China,Asia,2022,78.85,98.9,25.0,0.0,78.93,590.54,640.52,75.6,0.0,4.66
China,Asia,2023,81.34,100.63,24.31,0.0,77.59,602.82,664.36,88.11,0.0,5.17
China,Asia,2024,82.45,102.79,25.48,0.0,88.5,615.99,666.85,77.54,0.0,6.4
China,Asia,2025,83.4,104.47,26.3,0.0,94.13,608.79,691.17,110.02,0.0,6.76
Japan,Asia,2010,2.46,44.19,43.94,0.0,72.81,308.22,408.14,116.25,0.0,5.64
Japan,Asia,2011,2.55,44.22,43.88,0.0,80.76,303.49,407.65,120.47,0.0,5.72
Japan,Asia,2012,2.53,44.42,44.11,0.0,81.44,318.36,406.25,104.14,0.0,5.55
Japan,Asia,2013,2.54,44.2,43.86,0.0,85.31,306.7,405.81,115.35,0.0,4.99
Japan,Asia,2014,2.48,45.92,45.74,0.0,85.21,310.14,422.85,129.62,0.0,5.1
Japan,Asia,2015,2.5,45.85,45.65,0.0,86.09,312.04,433.29,138.58,0.0,4.22
Japan,Asia,2016,2.51,46.45,46.26,0.0,83.75,319.01,440.18,138.77,0.0,4.29
Japan,Asia,2017,2.5,48.42,48.34,0.0,82.46,310.62,443.71,150.83,0.0,3.9
Japan,Asia,2018,2.53,48.4,48.29,0.0,79.43,308.22,440.93,150.35,0.0,4.41
Japan,Asia,2019,2.68,49.3,49.08,0.0,74.55,318.78,467.76,167.69,0.0,4.07
Japan,Asia,2020,2.62,51.66,51.62,0.0,71.21,313.91,470.78,175.69,0.0,4.42
Japan,Asia,2021,2.81,52.21,52.0,0.0,75.46,318.72,467.51,167.49,0.0,4.52
Japan,Asia,2022,2.77,54.16,54.1,0.0,77.32,328.76,484.27,174.88,0.0,5.41
Japan,Asia,2023,2.9,54.85,54.7,0.0,82.56,342.12,494.52,172.18,0.0,5.7
Japan,Asia,2024,2.86,56.18,56.12,0.0,88.22,343.71,515.59,192.5,0.0,5.44
Japan,Asia,2025,2.93,54.62,54.42,0.0,90.29,353.64,529.7,197.25,0.0,6.23
South Korea,Asia,2010,1.61,44.69,45.31,0.0,74.86,240.59,384.3,159.08,0.0,5.4
South Korea,Asia,2011,1.66,44.06,44.59,0.0,75.01,257.21,387.92,146.23,0.0,5.6
South Korea,Asia,2012,1.68,45.67,46.28,0.0,82.83,253.71,397.01,159.19,0.0,5.26
South Korea,Asia,2013,1.69,44.89,45.44,0.0,82.16,257.68,394.69,152.8,0.0,4.73
South Korea,Asia,2014,1.69,44.7,45.24,0.0,83.78,262.15,394.53,148.16,0.0,5.43
South Korea,Asia,2015,1.69,46.26,46.87,0.0,85.65,259.3,400.44,157.16,0.0,4.31
South Korea,Asia,2016,1.7,45.98,46.57,0.0,83.43,265.58,405.72,156.37,0.0,4.09
South Korea,Asia,2017,1.67,47.18,47.86,0.0,80.87,263.56,416.4,169.49,0.0,4.01
South Korea,Asia,2018,1.68,48.57,49.32,0.0,77.86,265.18,418.37,169.92,0.0,4.38
South Korea,Asia,2019,1.68,49.51,50.3,0.0,79.63,258.49,427.57,186.19,0.0,4.16
South Korea,Asia,2020,1.76,49.78,50.51,0.0,73.15,266.79,432.38,182.89,0.0,4.21
South Korea,Asia,2021,1.81,50.79,51.52,0.0,77.11,265.07,434.4,186.71,0.0,4.8
South Korea,Asia,2022,1.86,53.07,53.87,0.0,79.46,271.56,452.31,198.84,0.0,5.12
South Korea,Asia,2023,1.89,55.09,55.96,0.0,83.56,273.55,455.68,200.36,0.0,5.73
South Korea,Asia,2024,1.89,55.56,56.45,0.0,89.81,280.48,462.74,200.77,0.0,6.32
South Korea,Asia,2025,1.91,57.09,58.03,0.0,95.05,290.23,478.92,207.84,0.0,6.64
Indonesia,Asia,2010,17.87,53.28,38.08,0.0,75.04,215.96,365.75,164.42,0.0,5.5
Indonesia,Asia,2011,18.4,54.32,38.64,0.0,80.73,215.77,362.89,161.64,0.0,5.05
Indonesia,Asia,2012,18.77,54.58,38.54,0.0,84.56,229.92,372.43,157.4,0.0,5.45
Indonesia,Asia,2013,18.93,55.84,39.7,0.0,82.74,228.2,384.0,171.16,0.0,5.35
Indonesia,Asia,2014,19.18,56.21,39.84,0.0,82.51,239.66,380.49,156.05,0.0,4.68
Indonesia,Asia,2015,19.01,56.55,40.37,0.0,87.03,235.35,383.2,163.19,0.0,4.26
Indonesia,Asia,2016,19.01,58.69,42.62,0.0,81.79,237.29,395.67,174.21,0.0,3.8
Indonesia,Asia,2017,18.43,56.65,41.06,0.0,80.96,231.09,405.84,190.98,0.0,4.13
Indonesia,Asia,2018,18.53,58.1,42.47,0.0,78.93,239.4,402.53,179.23,0.0,3.91
Indonesia,Asia,2019,18.71,58.21,42.41,0.0,75.84,228.68,406.95,194.55,0.0,3.72
Indonesia,Asia,2020,19.16,60.4,44.27,0.0,76.13,228.02,409.81,198.18,0.0,4.38
Indonesia,Asia,2021,19.32,61.78,45.55,0.0,75.89,239.89,425.06,202.17,0.0,4.55
Indonesia,Asia,2022,20.03,63.42,46.57,0.0,79.03,238.5,431.8,210.56,0.0,5.35
Indonesia,Asia,2023,20.78,65.13,47.6,0.0,77.96,243.59,432.41,206.12,0.0,6.05
Indonesia,Asia,2024,21.27,64.62,46.58,0.0,86.14,241.64,449.4,225.74,0.0,6.04
Indonesia,Asia,2025,21.92,66.52,47.92,0.0,92.05,246.15,455.55,227.62,0.0,6.72
Australia,Oceania,2010,59.04,74.21,18.89,0.0,75.16,158.65,319.07,173.18,0.0,5.73
Australia,Oceania,2011,58.79,75.34,20.31,0.0,77.29,160.59,324.28,176.66,0.0,5.72
Australia,Oceania,2012,58.47,75.52,20.82,0.0,83.97,165.56,326.25,173.74,0.0,5.81
Australia,Oceania,2013,58.19,78.33,24.06,0.0,83.23,159.71,334.11,187.77,0.0,5.18
Australia,Oceania,2014,57.91,78.04,24.03,0.0,85.72,161.32,342.85,195.24,0.0,4.84
Australia,Oceania,2015,59.86,78.94,23.02,0.0,82.75,158.58,340.32,195.35,0.0,4.8
Australia,Oceania,2016,57.49,80.23,26.75,0.0,80.9,160.03,352.25,206.32,0.0,3.98
Australia,Oceania,2017,58.83,82.47,27.76,0.0,81.97,161.21,352.34,205.22,0.0,3.85
Australia,Oceania,2018,59.49,82.86,27.51,0.0,79.11,164.38,365.75,216.0,0.0,4.27
Australia,Oceania,2019,64.24,84.09,24.06,0.0,73.57,160.99,367.97,221.7,0.0,3.77
Australia,Oceania,2020,63.13,86.64,27.84,0.0,76.31,166.01,379.13,228.28,0.0,4.41
Australia,Oceania,2021,65.61,89.54,28.4,0.0,71.47,173.73,388.51,230.32,0.0,4.41
Australia,Oceania,2022,64.5,91.85,31.94,0.0,83.73,171.95,393.93,237.74,0.0,5.28
Australia,Oceania,2023,67.64,92.48,29.47,0.0,82.91,174.03,405.14,247.31,0.0,5.2
Australia,Oceania,2024,66.87,95.01,32.89,0.0,85.49,180.79,409.64,245.24,0.0,6.12
Australia,Oceania,2025,66.89,96.92,34.88,0.0,89.94,189.1,420.68,248.41,0.0,6.71
Nigeria,Africa,2010,42.93,67.19,27.62,0.0,78.23,93.64,297.37,215.62,0.0,6.14
Nigeria,Africa,2011,43.02,68.28,28.68,0.0,77.69,94.98,297.87,214.81,0.0,5.33
Nigeria,Africa,2012,44.32,68.24,27.33,0.0,80.16,97.12,299.31,214.16,0.0,5.6
Nigeria,Africa,2013,44.63,69.89,28.75,0.0,86.44,101.78,306.92,217.42,0.0,5.0
Nigeria,Africa,2014,43.6,71.28,31.25,0.0,85.86,98.23,305.63,219.62,0.0,4.9
Nigeria,Africa,2015,43.57,70.32,30.26,0.0,81.62,102.05,310.09,220.44,0.0,4.8
Nigeria,Africa,2016,44.18,70.8,30.16,0.0,82.88,98.04,314.05,228.58,0.0,4.54
Nigeria,Africa,2017,43.05,72.21,32.76,0.0,82.86,101.4,311.75,222.82,0.0,3.74
Nigeria,Africa,2018,44.16,73.66,33.18,0.0,71.66,101.87,327.48,238.71,0.0,3.76
Nigeria,Africa,2019,44.64,74.64,33.73,0.0,77.22,100.88,333.32,245.78,0.0,3.99
Nigeria,Africa,2020,44.28,75.97,35.49,0.0,76.69,100.92,331.18,243.51,0.0,4.51
Nigeria,Africa,2021,46.88,75.24,32.12,0.0,74.76,98.86,349.22,264.33,0.0,4.17
Nigeria,Africa,2022,49.0,79.94,34.93,0.0,79.85,103.41,349.08,259.63,0.0,5.23
Nigeria,Africa,2023,49.82,84.0,38.38,0.0,83.59,104.66,348.12,257.38,0.0,5.95
Nigeria,Africa,2024,51.11,83.13,36.18,0.0,93.27,106.91,366.2,273.94,0.0,5.98
Nigeria,Africa,2025,50.32,84.93,38.86,0.0,84.17,106.62,365.85,273.87,0.0,6.49
South Africa,Africa,2010,2.47,44.43,44.18,0.0,78.23,148.13,322.61,187.38,0.0,5.77
South Africa,Africa,2011,2.55,45.33,45.05,0.0,80.55,150.76,327.51,189.85,0.0,5.79
South Africa,Africa,2012,2.54,45.8,45.55,0.0,83.96,155.94,330.56,187.84,0.0,5.86
South Africa,Africa,2013,2.61,45.94,45.62,0.0,79.68,147.82,337.8,203.49,0.0,5.64
South Africa,Africa,2014,2.57,46.85,46.62,0.0,86.61,152.85,333.34,193.82,0.0,4.92
South Africa,Africa,2015,2.53,46.75,46.56,0.0,87.73,162.34,347.07,198.61,0.0,4.78
South Africa,Africa,2016,2.59,47.1,46.86,0.0,85.05,151.39,346.98,209.46,0.0,4.01
South Africa,Africa,2017,2.52,47.43,47.29,0.0,81.91,159.67,355.36,209.91,0.0,4.19
South Africa,Africa,2018,2.53,48.71,48.61,0.0,77.98,153.15,347.66,208.41,0.0,4.04
South Africa,Africa,2019,2.62,50.44,50.35,0.0,74.82,159.47,358.03,212.88,0.0,4.16
South Africa,Africa,2020,2.73,51.44,51.29,0.0,72.9,158.64,366.56,222.59,0.0,4.48
South Africa,Africa,2021,2.65,51.54,51.46,0.0,75.24,156.51,381.93,240.7,0.0,4.06
South Africa,Africa,2022,2.8,52.45,52.27,0.0,78.02,158.35,381.44,238.35,0.0,5.34
South Africa,Africa,2023,2.78,53.77,53.68,0.0,78.45,162.12,386.56,239.9,0.0,5.83
South Africa,Africa,2024,2.94,55.26,55.08,0.0,82.69,158.64,400.83,258.22,0.0,6.24
South Africa,Africa,2025,2.89,55.62,55.52,0.0,89.47,165.97,404.95,255.17,0.0,6.74
